{
  "1": {
    "winner": "Kolkata Knight Riders",
    "player_of_match": "SP Narine",
    "city": "Kolkata",
    "team1": "Delhi Daredevils",
    "team2": "Kolkata Knight Riders",
    "season": "2013"
  },
  "2": {
    "winner": "Royal Challengers Bangalore",
    "player_of_match": "CH Gayle",
    "city": "Bangalore",
    "team1": "Royal Challengers Bangalore",
    "team2": "Mumbai Indians",
    "season": "2013"
  },
  "3": {
    "winner": "Sunrisers Hyderabad",
    "player_of_match": "A Mishra",
    "city": "Hyderabad",
    "team1": "Sunrisers Hyderabad",
    "team2": "Pune Warriors",
    "season": "2013"
  },
  "4": {
    "winner": "Rajasthan Royals",
    "player_of_match": "R Dravid",
    "city": "Delhi",
    "team1": "Rajasthan Royals",
    "team2": "Delhi Daredevils",
    "season": "2013"
  },
  "5": {
    "winner": "Mumbai Indians",
    "player_of_match": "KA Pollard",
    "city": "Chennai",
    "team1": "Mumbai Indians",
    "team2": "Chennai Super Kings",
    "season": "2013"
  },
  "6": {
    "winner": "Kings XI Punjab",
    "player_of_match": "M Vohra",
    "city": "Pune",
    "team1": "Pune Warriors",
    "team2": "Kings XI Punjab",
    "season": "2013"
  },
  "7": {
    "winner": "Sunrisers Hyderabad",
    "player_of_match": "GH Vihari",
    "city": "Hyderabad",
    "team1": "Royal Challengers Bangalore",
    "team2": "Sunrisers Hyderabad",
    "season": "2013"
  },
  "8": {
    "winner": "Rajasthan Royals",
    "player_of_match": "SK Trivedi",
    "city": "Jaipur",
    "team1": "Rajasthan Royals",
    "team2": "Kolkata Knight Riders",
    "season": "2013"
  },
  "9": {
    "winner": "Mumbai Indians",
    "player_of_match": "KD Karthik",
    "city": "Mumbai",
    "team1": "Mumbai Indians",
    "team2": "Delhi Daredevils",
    "season": "2013"
  },
  "10": {
    "winner": "Chennai Super Kings",
    "player_of_match": "MEK Hussey",
    "city": "Chandigarh",
    "team1": "Kings XI Punjab",
    "team2": "Chennai Super Kings",
    "season": "2013"
  },
  "11": {
    "winner": "Royal Challengers Bangalore",
    "player_of_match": "CH Gayle",
    "city": "Bangalore",
    "team1": "Kolkata Knight Riders",
    "team2": "Royal Challengers Bangalore",
    "season": "2013"
  },
  "12": {
    "winner": "Pune Warriors",
    "player_of_match": "AJ Finch",
    "city": "Pune",
    "team1": "Rajasthan Royals",
    "team2": "Pune Warriors",
    "season": "2013"
  },
  "13": {
    "winner": "Sunrisers Hyderabad",
    "player_of_match": "A Mishra",
    "city": "Delhi",
    "team1": "Delhi Daredevils",
    "team2": "Sunrisers Hyderabad",
    "season": "2013"
  },
  "14": {
    "winner": "Mumbai Indians",
    "player_of_match": "RG Sharma",
    "city": "Mumbai",
    "team1": "Mumbai Indians",
    "team2": "Pune Warriors",
    "season": "2013"
  },
  "15": {
    "winner": "Chennai Super Kings",
    "player_of_match": "RA Jadeja",
    "city": "Chennai",
    "team1": "Royal Challengers Bangalore",
    "team2": "Chennai Super Kings",
    "season": "2013"
  },
  "16": {
    "winner": "Kolkata Knight Riders",
    "player_of_match": "G Gambhir",
    "city": "Kolkata",
    "team1": "Kolkata Knight Riders",
    "team2": "Sunrisers Hyderabad",
    "season": "2013"
  },
  "17": {
    "winner": "Rajasthan Royals",
    "player_of_match": "JP Faulkner",
    "city": "Jaipur",
    "team1": "Kings XI Punjab",
    "team2": "Rajasthan Royals",
    "season": "2013"
  },
  "18": {
    "winner": "Pune Warriors",
    "player_of_match": "SPD Smith",
    "city": "Chennai",
    "team1": "Pune Warriors",
    "team2": "Chennai Super Kings",
    "season": "2013"
  },
  "19": {
    "winner": "Kings XI Punjab",
    "player_of_match": "MS Gony",
    "city": "Chandigarh",
    "team1": "Kings XI Punjab",
    "team2": "Kolkata Knight Riders",
    "season": "2013"
  },
  "20": {
    "winner": "Royal Challengers Bangalore",
    "player_of_match": "V Kohli",
    "city": "Bangalore",
    "team1": "Delhi Daredevils",
    "team2": "Royal Challengers Bangalore",
    "season": "2013"
  },
  "21": {
    "winner": "Sunrisers Hyderabad",
    "player_of_match": "A Mishra",
    "city": "Pune",
    "team1": "Sunrisers Hyderabad",
    "team2": "Pune Warriors",
    "season": "2013"
  },
  "22": {
    "winner": "Rajasthan Royals",
    "player_of_match": "AM Rahane",
    "city": "Jaipur",
    "team1": "Rajasthan Royals",
    "team2": "Mumbai Indians",
    "season": "2013"
  },
  "23": {
    "winner": "Chennai Super Kings",
    "player_of_match": "MEK Hussey",
    "city": "Delhi",
    "team1": "Chennai Super Kings",
    "team2": "Delhi Daredevils",
    "season": "2013"
  },
  "24": {
    "winner": "Sunrisers Hyderabad",
    "player_of_match": "GH Vihari",
    "city": "Hyderabad",
    "team1": "Kings XI Punjab",
    "team2": "Sunrisers Hyderabad",
    "season": "2013"
  },
  "25": {
    "winner": "Chennai Super Kings",
    "player_of_match": "RA Jadeja",
    "city": "Kolkata",
    "team1": "Kolkata Knight Riders",
    "team2": "Chennai Super Kings",
    "season": "2013"
  },
  "26": {
    "winner": "Royal Challengers Bangalore",
    "player_of_match": "R Vinay Kumar",
    "city": "Bangalore",
    "team1": "Rajasthan Royals",
    "team2": "Royal Challengers Bangalore",
    "season": "2013"
  },
  "27": {
    "winner": "Delhi Daredevils",
    "player_of_match": "V Sehwag",
    "city": "Delhi",
    "team1": "Mumbai Indians",
    "team2": "Delhi Daredevils",
    "season": "2013"
  },
  "28": {
    "winner": "Kings XI Punjab",
    "player_of_match": "DA Miller",
    "city": "Chandigarh",
    "team1": "Pune Warriors",
    "team2": "Kings XI Punjab",
    "season": "2013"
  },
  "29": {
    "winner": "Chennai Super Kings",
    "player_of_match": "MEK Hussey",
    "city": "Chennai",
    "team1": "Rajasthan Royals",
    "team2": "Chennai Super Kings",
    "season": "2013"
  },
  "30": {
    "winner": "Royal Challengers Bangalore",
    "player_of_match": "CH Gayle",
    "city": "Bangalore",
    "team1": "Royal Challengers Bangalore",
    "team2": "Pune Warriors",
    "season": "2013"
  },
  "31": {
    "winner": "Kings XI Punjab",
    "player_of_match": "DA Miller",
    "city": "Dharamsala",
    "team1": "Kings XI Punjab",
    "team2": "Delhi Daredevils",
    "season": "2013"
  },
  "32": {
    "winner": "Mumbai Indians",
    "player_of_match": "DR Smith",
    "city": "Kolkata",
    "team1": "Kolkata Knight Riders",
    "team2": "Mumbai Indians",
    "season": "2013"
  },
  "33": {
    "winner": "Chennai Super Kings",
    "player_of_match": "MS Dhoni",
    "city": "Chennai",
    "team1": "Sunrisers Hyderabad",
    "team2": "Chennai Super Kings",
    "season": "2013"
  },
  "34": {
    "winner": "Kolkata Knight Riders",
    "player_of_match": "JH Kallis",
    "city": "Kolkata",
    "team1": "Kings XI Punjab",
    "team2": "Kolkata Knight Riders",
    "season": "2013"
  },
  "35": {
    "winner": "Rajasthan Royals",
    "player_of_match": "JP Faulkner",
    "city": "Jaipur",
    "team1": "Sunrisers Hyderabad",
    "team2": "Rajasthan Royals",
    "season": "2013"
  },
  "36": {
    "winner": "Mumbai Indians",
    "player_of_match": "DR Smith",
    "city": "Mumbai",
    "team1": "Mumbai Indians",
    "team2": "Royal Challengers Bangalore",
    "season": "2013"
  },
  "37": {
    "winner": "Chennai Super Kings",
    "player_of_match": "MEK Hussey",
    "city": "Chennai",
    "team1": "Chennai Super Kings",
    "team2": "Kolkata Knight Riders",
    "season": "2013"
  },
  "38": {
    "winner": "Delhi Daredevils",
    "player_of_match": "DA Warner",
    "city": "Raipur",
    "team1": "Delhi Daredevils",
    "team2": "Pune Warriors",
    "season": "2013"
  },
  "39": {
    "winner": "Rajasthan Royals",
    "player_of_match": "SV Samson",
    "city": "Jaipur",
    "team1": "Royal Challengers Bangalore",
    "team2": "Rajasthan Royals",
    "season": "2013"
  },
  "40": {
    "winner": "Mumbai Indians",
    "player_of_match": "RG Sharma",
    "city": "Mumbai",
    "team1": "Mumbai Indians",
    "team2": "Kings XI Punjab",
    "season": "2013"
  },
  "41": {
    "winner": "Chennai Super Kings",
    "player_of_match": "MS Dhoni",
    "city": "Pune",
    "team1": "Chennai Super Kings",
    "team2": "Pune Warriors",
    "season": "2013"
  },
  "42": {
    "winner": "Sunrisers Hyderabad",
    "player_of_match": "I Sharma",
    "city": "Hyderabad",
    "team1": "Mumbai Indians",
    "team2": "Sunrisers Hyderabad",
    "season": "2013"
  },
  "43": {
    "winner": "Delhi Daredevils",
    "player_of_match": "DA Warner",
    "city": "Raipur",
    "team1": "Kolkata Knight Riders",
    "team2": "Delhi Daredevils",
    "season": "2013"
  },
  "44": {
    "winner": "Chennai Super Kings",
    "player_of_match": "SK Raina",
    "city": "Chennai",
    "team1": "Chennai Super Kings",
    "team2": "Kings XI Punjab",
    "season": "2013"
  },
  "45": {
    "winner": "Royal Challengers Bangalore",
    "player_of_match": "AB de Villiers",
    "city": "Pune",
    "team1": "Royal Challengers Bangalore",
    "team2": "Pune Warriors",
    "season": "2013"
  },
  "46": {
    "winner": "Kolkata Knight Riders",
    "player_of_match": "YK Pathan",
    "city": "Kolkata",
    "team1": "Rajasthan Royals",
    "team2": "Kolkata Knight Riders",
    "season": "2013"
  },
  "47": {
    "winner": "Sunrisers Hyderabad",
    "player_of_match": "DJG Sammy",
    "city": "Hyderabad",
    "team1": "Delhi Daredevils",
    "team2": "Sunrisers Hyderabad",
    "season": "2013"
  },
  "48": {
    "winner": "Kings XI Punjab",
    "player_of_match": "AC Gilchrist",
    "city": "Bangalore",
    "team1": "Royal Challengers Bangalore",
    "team2": "Kings XI Punjab",
    "season": "2013"
  },
  "49": {
    "winner": "Mumbai Indians",
    "player_of_match": "MG Johnson",
    "city": "Mumbai",
    "team1": "Mumbai Indians",
    "team2": "Chennai Super Kings",
    "season": "2013"
  },
  "50": {
    "winner": "Rajasthan Royals",
    "player_of_match": "AM Rahane",
    "city": "Jaipur",
    "team1": "Pune Warriors",
    "team2": "Rajasthan Royals",
    "season": "2013"
  },
  "51": {
    "winner": "Royal Challengers Bangalore",
    "player_of_match": "V Kohli",
    "city": "Bangalore",
    "team1": "Sunrisers Hyderabad",
    "team2": "Royal Challengers Bangalore",
    "season": "2013"
  },
  "52": {
    "winner": "Rajasthan Royals",
    "player_of_match": "AM Rahane",
    "city": "Jaipur",
    "team1": "Delhi Daredevils",
    "team2": "Rajasthan Royals",
    "season": "2013"
  },
  "53": {
    "winner": "Mumbai Indians",
    "player_of_match": "SR Tendulkar",
    "city": "Mumbai",
    "team1": "Mumbai Indians",
    "team2": "Kolkata Knight Riders",
    "season": "2013"
  },
  "54": {
    "winner": "Chennai Super Kings",
    "player_of_match": "SK Raina",
    "city": "Hyderabad",
    "team1": "Chennai Super Kings",
    "team2": "Sunrisers Hyderabad",
    "season": "2013"
  },
  "55": {
    "winner": "Rajasthan Royals",
    "player_of_match": "KK Cooper",
    "city": "Chandigarh",
    "team1": "Kings XI Punjab",
    "team2": "Rajasthan Royals",
    "season": "2013"
  },
  "56": {
    "winner": "Kolkata Knight Riders",
    "player_of_match": "G Gambhir",
    "city": "Pune",
    "team1": "Kolkata Knight Riders",
    "team2": "Pune Warriors",
    "season": "2013"
  },
  "57": {
    "winner": "Royal Challengers Bangalore",
    "player_of_match": "JD Unadkat",
    "city": "Delhi",
    "team1": "Royal Challengers Bangalore",
    "team2": "Delhi Daredevils",
    "season": "2013"
  },
  "58": {
    "winner": "Mumbai Indians",
    "player_of_match": "MG Johnson",
    "city": "Pune",
    "team1": "Pune Warriors",
    "team2": "Mumbai Indians",
    "season": "2013"
  },
  "59": {
    "winner": "Sunrisers Hyderabad",
    "player_of_match": "PA Patel",
    "city": "Chandigarh",
    "team1": "Sunrisers Hyderabad",
    "team2": "Kings XI Punjab",
    "season": "2013"
  },
  "60": {
    "winner": "Kolkata Knight Riders",
    "player_of_match": "JH Kallis",
    "city": "Ranchi",
    "team1": "Royal Challengers Bangalore",
    "team2": "Kolkata Knight Riders",
    "season": "2013"
  },
  "61": {
    "winner": "Rajasthan Royals",
    "player_of_match": "SR Watson",
    "city": "Jaipur",
    "team1": "Chennai Super Kings",
    "team2": "Rajasthan Royals",
    "season": "2013"
  },
  "62": {
    "winner": "Kings XI Punjab",
    "player_of_match": "Harmeet Singh",
    "city": "Delhi",
    "team1": "Delhi Daredevils",
    "team2": "Kings XI Punjab",
    "season": "2013"
  },
  "63": {
    "winner": "Mumbai Indians",
    "player_of_match": "KA Pollard",
    "city": "Mumbai",
    "team1": "Sunrisers Hyderabad",
    "team2": "Mumbai Indians",
    "season": "2013"
  },
  "64": {
    "winner": "Pune Warriors",
    "player_of_match": "MK Pandey",
    "city": "Ranchi",
    "team1": "Pune Warriors",
    "team2": "Kolkata Knight Riders",
    "season": "2013"
  },
  "65": {
    "winner": "Chennai Super Kings",
    "player_of_match": "MS Dhoni",
    "city": "Chennai",
    "team1": "Chennai Super Kings",
    "team2": "Delhi Daredevils",
    "season": "2013"
  },
  "66": {
    "winner": "Mumbai Indians",
    "player_of_match": "AP Tare",
    "city": "Mumbai",
    "team1": "Mumbai Indians",
    "team2": "Rajasthan Royals",
    "season": "2013"
  },
  "67": {
    "winner": "Kings XI Punjab",
    "player_of_match": "DA Miller",
    "city": "Chandigarh",
    "team1": "Royal Challengers Bangalore",
    "team2": "Kings XI Punjab",
    "season": "2013"
  },
  "68": {
    "winner": "Sunrisers Hyderabad",
    "player_of_match": "A Mishra",
    "city": "Hyderabad",
    "team1": "Sunrisers Hyderabad",
    "team2": "Rajasthan Royals",
    "season": "2013"
  },
  "69": {
    "winner": "Kings XI Punjab",
    "player_of_match": "Azhar Mahmood",
    "city": "Dharamsala",
    "team1": "Kings XI Punjab",
    "team2": "Mumbai Indians",
    "season": "2013"
  },
  "70": {
    "winner": "Pune Warriors",
    "player_of_match": "LJ Wright",
    "city": "Pune",
    "team1": "Pune Warriors",
    "team2": "Delhi Daredevils",
    "season": "2013"
  },
  "71": {
    "winner": "Royal Challengers Bangalore",
    "player_of_match": "V Kohli",
    "city": "Bangalore",
    "team1": "Royal Challengers Bangalore",
    "team2": "Chennai Super Kings",
    "season": "2013"
  },
  "72": {
    "winner": "Sunrisers Hyderabad",
    "player_of_match": "PA Patel",
    "city": "Hyderabad",
    "team1": "Kolkata Knight Riders",
    "team2": "Sunrisers Hyderabad",
    "season": "2013"
  },
  "73": {
    "winner": "Chennai Super Kings",
    "player_of_match": "MEK Hussey",
    "city": "Delhi",
    "team1": "Chennai Super Kings",
    "team2": "Mumbai Indians",
    "season": "2013"
  },
  "74": {
    "winner": "Rajasthan Royals",
    "player_of_match": "BJ Hodge",
    "city": "Delhi",
    "team1": "Sunrisers Hyderabad",
    "team2": "Rajasthan Royals",
    "season": "2013"
  },
  "75": {
    "winner": "Mumbai Indians",
    "player_of_match": "Harbhajan Singh",
    "city": "Kolkata",
    "team1": "Rajasthan Royals",
    "team2": "Mumbai Indians",
    "season": "2013"
  },
  "76": {
    "winner": "Mumbai Indians",
    "player_of_match": "KA Pollard",
    "city": "Kolkata",
    "team1": "Mumbai Indians",
    "team2": "Chennai Super Kings",
    "season": "2013"
  },
  "77": {
    "winner": "Kolkata Knight Riders",
    "player_of_match": "JH Kallis",
    "city": "Abu Dhabi",
    "team1": "Kolkata Knight Riders",
    "team2": "Mumbai Indians",
    "season": "2014"
  },
  "78": {
    "winner": "Royal Challengers Bangalore",
    "player_of_match": "YS Chahal",
    "city": "Sharjah",
    "team1": "Delhi Daredevils",
    "team2": "Royal Challengers Bangalore",
    "season": "2014"
  },
  "79": {
    "winner": "Kings XI Punjab",
    "player_of_match": "GJ Maxwell",
    "city": "Abu Dhabi",
    "team1": "Chennai Super Kings",
    "team2": "Kings XI Punjab",
    "season": "2014"
  },
  "80": {
    "winner": "Rajasthan Royals",
    "player_of_match": "AM Rahane",
    "city": "Abu Dhabi",
    "team1": "Sunrisers Hyderabad",
    "team2": "Rajasthan Royals",
    "season": "2014"
  },
  "81": {
    "winner": "Royal Challengers Bangalore",
    "player_of_match": "PA Patel",
    "city": "",
    "team1": "Mumbai Indians",
    "team2": "Royal Challengers Bangalore",
    "season": "2014"
  },
  "82": {
    "winner": "Delhi Daredevils",
    "player_of_match": "JP Duminy",
    "city": "",
    "team1": "Kolkata Knight Riders",
    "team2": "Delhi Daredevils",
    "season": "2014"
  },
  "83": {
    "winner": "Kings XI Punjab",
    "player_of_match": "GJ Maxwell",
    "city": "Sharjah",
    "team1": "Rajasthan Royals",
    "team2": "Kings XI Punjab",
    "season": "2014"
  },
  "84": {
    "winner": "Chennai Super Kings",
    "player_of_match": "SK Raina",
    "city": "Abu Dhabi",
    "team1": "Chennai Super Kings",
    "team2": "Delhi Daredevils",
    "season": "2014"
  },
  "85": {
    "winner": "Kings XI Punjab",
    "player_of_match": "GJ Maxwell",
    "city": "Sharjah",
    "team1": "Kings XI Punjab",
    "team2": "Sunrisers Hyderabad",
    "season": "2014"
  },
  "86": {
    "winner": "Chennai Super Kings",
    "player_of_match": "RA Jadeja",
    "city": "",
    "team1": "Chennai Super Kings",
    "team2": "Rajasthan Royals",
    "season": "2014"
  },
  "87": {
    "winner": "Kolkata Knight Riders",
    "player_of_match": "CA Lynn",
    "city": "Sharjah",
    "team1": "Kolkata Knight Riders",
    "team2": "Royal Challengers Bangalore",
    "season": "2014"
  },
  "88": {
    "winner": "Sunrisers Hyderabad",
    "player_of_match": "AJ Finch",
    "city": "",
    "team1": "Sunrisers Hyderabad",
    "team2": "Delhi Daredevils",
    "season": "2014"
  },
  "89": {
    "winner": "Chennai Super Kings",
    "player_of_match": "MM Sharma",
    "city": "",
    "team1": "Mumbai Indians",
    "team2": "Chennai Super Kings",
    "season": "2014"
  },
  "90": {
    "winner": "Rajasthan Royals",
    "player_of_match": "PV Tambe",
    "city": "Abu Dhabi",
    "team1": "Royal Challengers Bangalore",
    "team2": "Rajasthan Royals",
    "season": "2014"
  },
  "91": {
    "winner": "Kings XI Punjab",
    "player_of_match": "Sandeep Sharma",
    "city": "Abu Dhabi",
    "team1": "Kings XI Punjab",
    "team2": "Kolkata Knight Riders",
    "season": "2014"
  },
  "92": {
    "winner": "Delhi Daredevils",
    "player_of_match": "M Vijay",
    "city": "Sharjah",
    "team1": "Mumbai Indians",
    "team2": "Delhi Daredevils",
    "season": "2014"
  },
  "93": {
    "winner": "Chennai Super Kings",
    "player_of_match": "DR Smith",
    "city": "Sharjah",
    "team1": "Sunrisers Hyderabad",
    "team2": "Chennai Super Kings",
    "season": "2014"
  },
  "94": {
    "winner": "Kings XI Punjab",
    "player_of_match": "Sandeep Sharma",
    "city": "",
    "team1": "Royal Challengers Bangalore",
    "team2": "Kings XI Punjab",
    "season": "2014"
  },
  "95": {
    "winner": "Rajasthan Royals",
    "player_of_match": "JP Faulkner",
    "city": "Abu Dhabi",
    "team1": "Rajasthan Royals",
    "team2": "Kolkata Knight Riders",
    "season": "2014"
  },
  "96": {
    "winner": "Sunrisers Hyderabad",
    "player_of_match": "B Kumar",
    "city": "",
    "team1": "Sunrisers Hyderabad",
    "team2": "Mumbai Indians",
    "season": "2014"
  },
  "97": {
    "winner": "Chennai Super Kings",
    "player_of_match": "RA Jadeja",
    "city": "Ranchi",
    "team1": "Chennai Super Kings",
    "team2": "Kolkata Knight Riders",
    "season": "2014"
  },
  "98": {
    "winner": "Mumbai Indians",
    "player_of_match": "CJ Anderson",
    "city": "Mumbai",
    "team1": "Kings XI Punjab",
    "team2": "Mumbai Indians",
    "season": "2014"
  },
  "99": {
    "winner": "Rajasthan Royals",
    "player_of_match": "KK Nair",
    "city": "Delhi",
    "team1": "Delhi Daredevils",
    "team2": "Rajasthan Royals",
    "season": "2014"
  },
  "100": {
    "winner": "Royal Challengers Bangalore",
    "player_of_match": "AB de Villiers",
    "city": "Bangalore",
    "team1": "Sunrisers Hyderabad",
    "team2": "Royal Challengers Bangalore",
    "season": "2014"
  },
  "101": {
    "winner": "Rajasthan Royals",
    "player_of_match": "PV Tambe",
    "city": "Ahmedabad",
    "team1": "Rajasthan Royals",
    "team2": "Kolkata Knight Riders",
    "season": "2014"
  },
  "102": {
    "winner": "Chennai Super Kings",
    "player_of_match": "DR Smith",
    "city": "Delhi",
    "team1": "Delhi Daredevils",
    "team2": "Chennai Super Kings",
    "season": "2014"
  },
  "103": {
    "winner": "Mumbai Indians",
    "player_of_match": "RG Sharma",
    "city": "Mumbai",
    "team1": "Mumbai Indians",
    "team2": "Royal Challengers Bangalore",
    "season": "2014"
  },
  "104": {
    "winner": "Kolkata Knight Riders",
    "player_of_match": "G Gambhir",
    "city": "Delhi",
    "team1": "Delhi Daredevils",
    "team2": "Kolkata Knight Riders",
    "season": "2014"
  },
  "105": {
    "winner": "Kings XI Punjab",
    "player_of_match": "GJ Maxwell",
    "city": "Cuttack",
    "team1": "Kings XI Punjab",
    "team2": "Chennai Super Kings",
    "season": "2014"
  },
  "106": {
    "winner": "Sunrisers Hyderabad",
    "player_of_match": "B Kumar",
    "city": "Ahmedabad",
    "team1": "Sunrisers Hyderabad",
    "team2": "Rajasthan Royals",
    "season": "2014"
  },
  "107": {
    "winner": "Kings XI Punjab",
    "player_of_match": "Sandeep Sharma",
    "city": "Bangalore",
    "team1": "Kings XI Punjab",
    "team2": "Royal Challengers Bangalore",
    "season": "2014"
  },
  "108": {
    "winner": "Sunrisers Hyderabad",
    "player_of_match": "DW Steyn",
    "city": "Delhi",
    "team1": "Delhi Daredevils",
    "team2": "Sunrisers Hyderabad",
    "season": "2014"
  },
  "109": {
    "winner": "Chennai Super Kings",
    "player_of_match": "DR Smith",
    "city": "Mumbai",
    "team1": "Mumbai Indians",
    "team2": "Chennai Super Kings",
    "season": "2014"
  },
  "110": {
    "winner": "Kolkata Knight Riders",
    "player_of_match": "G Gambhir",
    "city": "Cuttack",
    "team1": "Kings XI Punjab",
    "team2": "Kolkata Knight Riders",
    "season": "2014"
  },
  "111": {
    "winner": "Rajasthan Royals",
    "player_of_match": "JP Faulkner",
    "city": "Bangalore",
    "team1": "Royal Challengers Bangalore",
    "team2": "Rajasthan Royals",
    "season": "2014"
  },
  "112": {
    "winner": "Mumbai Indians",
    "player_of_match": "AT Rayudu",
    "city": "Hyderabad",
    "team1": "Sunrisers Hyderabad",
    "team2": "Mumbai Indians",
    "season": "2014"
  },
  "113": {
    "winner": "Chennai Super Kings",
    "player_of_match": "RA Jadeja",
    "city": "Ranchi",
    "team1": "Rajasthan Royals",
    "team2": "Chennai Super Kings",
    "season": "2014"
  },
  "114": {
    "winner": "Royal Challengers Bangalore",
    "player_of_match": "Yuvraj Singh",
    "city": "Bangalore",
    "team1": "Royal Challengers Bangalore",
    "team2": "Delhi Daredevils",
    "season": "2014"
  },
  "115": {
    "winner": "Kings XI Punjab",
    "player_of_match": "WP Saha",
    "city": "Hyderabad",
    "team1": "Sunrisers Hyderabad",
    "team2": "Kings XI Punjab",
    "season": "2014"
  },
  "116": {
    "winner": "Kolkata Knight Riders",
    "player_of_match": "RV Uthappa",
    "city": "Cuttack",
    "team1": "Mumbai Indians",
    "team2": "Kolkata Knight Riders",
    "season": "2014"
  },
  "117": {
    "winner": "Rajasthan Royals",
    "player_of_match": "AM Rahane",
    "city": "Ahmedabad",
    "team1": "Rajasthan Royals",
    "team2": "Delhi Daredevils",
    "season": "2014"
  },
  "118": {
    "winner": "Royal Challengers Bangalore",
    "player_of_match": "AB de Villiers",
    "city": "Ranchi",
    "team1": "Chennai Super Kings",
    "team2": "Royal Challengers Bangalore",
    "season": "2014"
  },
  "119": {
    "winner": "Kolkata Knight Riders",
    "player_of_match": "UT Yadav",
    "city": "Hyderabad",
    "team1": "Sunrisers Hyderabad",
    "team2": "Kolkata Knight Riders",
    "season": "2014"
  },
  "120": {
    "winner": "Mumbai Indians",
    "player_of_match": "MEK Hussey",
    "city": "Ahmedabad",
    "team1": "Mumbai Indians",
    "team2": "Rajasthan Royals",
    "season": "2014"
  },
  "121": {
    "winner": "Kings XI Punjab",
    "player_of_match": "AR Patel",
    "city": "Delhi",
    "team1": "Delhi Daredevils",
    "team2": "Kings XI Punjab",
    "season": "2014"
  },
  "122": {
    "winner": "Sunrisers Hyderabad",
    "player_of_match": "DA Warner",
    "city": "Hyderabad",
    "team1": "Royal Challengers Bangalore",
    "team2": "Sunrisers Hyderabad",
    "season": "2014"
  },
  "123": {
    "winner": "Kolkata Knight Riders",
    "player_of_match": "RV Uthappa",
    "city": "Kolkata",
    "team1": "Chennai Super Kings",
    "team2": "Kolkata Knight Riders",
    "season": "2014"
  },
  "124": {
    "winner": "Mumbai Indians",
    "player_of_match": "LMP Simmons",
    "city": "Chandigarh",
    "team1": "Kings XI Punjab",
    "team2": "Mumbai Indians",
    "season": "2014"
  },
  "125": {
    "winner": "Kolkata Knight Riders",
    "player_of_match": "RV Uthappa",
    "city": "Kolkata",
    "team1": "Kolkata Knight Riders",
    "team2": "Royal Challengers Bangalore",
    "season": "2014"
  },
  "126": {
    "winner": "Sunrisers Hyderabad",
    "player_of_match": "DA Warner",
    "city": "Ranchi",
    "team1": "Chennai Super Kings",
    "team2": "Sunrisers Hyderabad",
    "season": "2014"
  },
  "127": {
    "winner": "Mumbai Indians",
    "player_of_match": "MEK Hussey",
    "city": "Mumbai",
    "team1": "Mumbai Indians",
    "team2": "Delhi Daredevils",
    "season": "2014"
  },
  "128": {
    "winner": "Kings XI Punjab",
    "player_of_match": "SE Marsh",
    "city": "Chandigarh",
    "team1": "Kings XI Punjab",
    "team2": "Rajasthan Royals",
    "season": "2014"
  },
  "129": {
    "winner": "Chennai Super Kings",
    "player_of_match": "MS Dhoni",
    "city": "Bangalore",
    "team1": "Royal Challengers Bangalore",
    "team2": "Chennai Super Kings",
    "season": "2014"
  },
  "130": {
    "winner": "Kolkata Knight Riders",
    "player_of_match": "YK Pathan",
    "city": "Kolkata",
    "team1": "Sunrisers Hyderabad",
    "team2": "Kolkata Knight Riders",
    "season": "2014"
  },
  "131": {
    "winner": "Kings XI Punjab",
    "player_of_match": "M Vohra",
    "city": "Chandigarh",
    "team1": "Delhi Daredevils",
    "team2": "Kings XI Punjab",
    "season": "2014"
  },
  "132": {
    "winner": "Mumbai Indians",
    "player_of_match": "CJ Anderson",
    "city": "Mumbai",
    "team1": "Rajasthan Royals",
    "team2": "Mumbai Indians",
    "season": "2014"
  },
  "133": {
    "winner": "Kolkata Knight Riders",
    "player_of_match": "UT Yadav",
    "city": "Kolkata",
    "team1": "Kolkata Knight Riders",
    "team2": "Kings XI Punjab",
    "season": "2014"
  },
  "134": {
    "winner": "Chennai Super Kings",
    "player_of_match": "SK Raina",
    "city": "Mumbai",
    "team1": "Mumbai Indians",
    "team2": "Chennai Super Kings",
    "season": "2014"
  },
  "135": {
    "winner": "Kings XI Punjab",
    "player_of_match": "V Sehwag",
    "city": "Mumbai",
    "team1": "Kings XI Punjab",
    "team2": "Chennai Super Kings",
    "season": "2014"
  },
  "136": {
    "winner": "Kolkata Knight Riders",
    "player_of_match": "MK Pandey",
    "city": "Bangalore",
    "team1": "Kings XI Punjab",
    "team2": "Kolkata Knight Riders",
    "season": "2014"
  },
  "137": {
    "winner": "Kolkata Knight Riders",
    "player_of_match": "M Morkel",
    "city": "Kolkata",
    "team1": "Mumbai Indians",
    "team2": "Kolkata Knight Riders",
    "season": "2015"
  },
  "138": {
    "winner": "Chennai Super Kings",
    "player_of_match": "A Nehra",
    "city": "Chennai",
    "team1": "Chennai Super Kings",
    "team2": "Delhi Daredevils",
    "season": "2015"
  },
  "139": {
    "winner": "Rajasthan Royals",
    "player_of_match": "JP Faulkner",
    "city": "Pune",
    "team1": "Rajasthan Royals",
    "team2": "Kings XI Punjab",
    "season": "2015"
  },
  "140": {
    "winner": "Chennai Super Kings",
    "player_of_match": "BB McCullum",
    "city": "Chennai",
    "team1": "Chennai Super Kings",
    "team2": "Sunrisers Hyderabad",
    "season": "2015"
  },
  "141": {
    "winner": "Royal Challengers Bangalore",
    "player_of_match": "CH Gayle",
    "city": "Kolkata",
    "team1": "Kolkata Knight Riders",
    "team2": "Royal Challengers Bangalore",
    "season": "2015"
  },
  "142": {
    "winner": "Rajasthan Royals",
    "player_of_match": "DJ Hooda",
    "city": "Delhi",
    "team1": "Delhi Daredevils",
    "team2": "Rajasthan Royals",
    "season": "2015"
  },
  "143": {
    "winner": "Kings XI Punjab",
    "player_of_match": "GJ Bailey",
    "city": "Mumbai",
    "team1": "Kings XI Punjab",
    "team2": "Mumbai Indians",
    "season": "2015"
  },
  "144": {
    "winner": "Sunrisers Hyderabad",
    "player_of_match": "DA Warner",
    "city": "Bangalore",
    "team1": "Royal Challengers Bangalore",
    "team2": "Sunrisers Hyderabad",
    "season": "2015"
  },
  "145": {
    "winner": "Rajasthan Royals",
    "player_of_match": "SPD Smith",
    "city": "Ahmedabad",
    "team1": "Mumbai Indians",
    "team2": "Rajasthan Royals",
    "season": "2015"
  },
  "146": {
    "winner": "Kolkata Knight Riders",
    "player_of_match": "AD Russell",
    "city": "Kolkata",
    "team1": "Chennai Super Kings",
    "team2": "Kolkata Knight Riders",
    "season": "2015"
  },
  "147": {
    "winner": "Delhi Daredevils",
    "player_of_match": "MA Agarwal",
    "city": "Pune",
    "team1": "Kings XI Punjab",
    "team2": "Delhi Daredevils",
    "season": "2015"
  },
  "148": {
    "winner": "Rajasthan Royals",
    "player_of_match": "AM Rahane",
    "city": "Visakhapatnam",
    "team1": "Sunrisers Hyderabad",
    "team2": "Rajasthan Royals",
    "season": "2015"
  },
  "149": {
    "winner": "Chennai Super Kings",
    "player_of_match": "A Nehra",
    "city": "Mumbai",
    "team1": "Mumbai Indians",
    "team2": "Chennai Super Kings",
    "season": "2015"
  },
  "150": {
    "winner": "Delhi Daredevils",
    "player_of_match": "JP Duminy",
    "city": "Visakhapatnam",
    "team1": "Delhi Daredevils",
    "team2": "Sunrisers Hyderabad",
    "season": "2015"
  },
  "151": {
    "winner": "Kolkata Knight Riders",
    "player_of_match": "AD Russell",
    "city": "Pune",
    "team1": "Kings XI Punjab",
    "team2": "Kolkata Knight Riders",
    "season": "2015"
  },
  "152": {
    "winner": "Rajasthan Royals",
    "player_of_match": "AM Rahane",
    "city": "Ahmedabad",
    "team1": "Chennai Super Kings",
    "team2": "Rajasthan Royals",
    "season": "2015"
  },
  "153": {
    "winner": "Mumbai Indians",
    "player_of_match": "Harbhajan Singh",
    "city": "Bangalore",
    "team1": "Mumbai Indians",
    "team2": "Royal Challengers Bangalore",
    "season": "2015"
  },
  "154": {
    "winner": "Kolkata Knight Riders",
    "player_of_match": "UT Yadav",
    "city": "Delhi",
    "team1": "Delhi Daredevils",
    "team2": "Kolkata Knight Riders",
    "season": "2015"
  },
  "155": {
    "winner": "Kings XI Punjab",
    "player_of_match": "SE Marsh",
    "city": "Ahmedabad",
    "team1": "Rajasthan Royals",
    "team2": "Kings XI Punjab",
    "season": "2015"
  },
  "156": {
    "winner": "Sunrisers Hyderabad",
    "player_of_match": "DA Warner",
    "city": "Visakhapatnam",
    "team1": "Sunrisers Hyderabad",
    "team2": "Kolkata Knight Riders",
    "season": "2015"
  },
  "157": {
    "winner": "Chennai Super Kings",
    "player_of_match": "SK Raina",
    "city": "Bangalore",
    "team1": "Chennai Super Kings",
    "team2": "Royal Challengers Bangalore",
    "season": "2015"
  },
  "158": {
    "winner": "Delhi Daredevils",
    "player_of_match": "SS Iyer",
    "city": "Delhi",
    "team1": "Delhi Daredevils",
    "team2": "Mumbai Indians",
    "season": "2015"
  },
  "159": {
    "winner": "Royal Challengers Bangalore",
    "player_of_match": "MA Starc",
    "city": "Ahmedabad",
    "team1": "Rajasthan Royals",
    "team2": "Royal Challengers Bangalore",
    "season": "2015"
  },
  "160": {
    "winner": "Mumbai Indians",
    "player_of_match": "SL Malinga",
    "city": "Mumbai",
    "team1": "Mumbai Indians",
    "team2": "Sunrisers Hyderabad",
    "season": "2015"
  },
  "161": {
    "winner": "Chennai Super Kings",
    "player_of_match": "BB McCullum",
    "city": "Chennai",
    "team1": "Chennai Super Kings",
    "team2": "Kings XI Punjab",
    "season": "2015"
  },
  "162": {
    "winner": "Royal Challengers Bangalore",
    "player_of_match": "VR Aaron",
    "city": "Delhi",
    "team1": "Delhi Daredevils",
    "team2": "Royal Challengers Bangalore",
    "season": "2015"
  },
  "163": {
    "winner": "Sunrisers Hyderabad",
    "player_of_match": "TA Boult",
    "city": "Chandigarh",
    "team1": "Sunrisers Hyderabad",
    "team2": "Kings XI Punjab",
    "season": "2015"
  },
  "164": {
    "winner": "Kolkata Knight Riders",
    "player_of_match": "PP Chawla",
    "city": "Kolkata",
    "team1": "Kolkata Knight Riders",
    "team2": "Delhi Daredevils",
    "season": "2015"
  },
  "165": {
    "winner": "",
    "player_of_match": "",
    "city": "Bangalore",
    "team1": "Royal Challengers Bangalore",
    "team2": "Rajasthan Royals",
    "season": "2015"
  },
  "166": {
    "winner": "Chennai Super Kings",
    "player_of_match": "DJ Bravo",
    "city": "Chennai",
    "team1": "Chennai Super Kings",
    "team2": "Kolkata Knight Riders",
    "season": "2015"
  },
  "167": {
    "winner": "Delhi Daredevils",
    "player_of_match": "NM Coulter-Nile",
    "city": "Delhi",
    "team1": "Kings XI Punjab",
    "team2": "Delhi Daredevils",
    "season": "2015"
  },
  "168": {
    "winner": "Mumbai Indians",
    "player_of_match": "AT Rayudu",
    "city": "Mumbai",
    "team1": "Mumbai Indians",
    "team2": "Rajasthan Royals",
    "season": "2015"
  },
  "169": {
    "winner": "Royal Challengers Bangalore",
    "player_of_match": "Mandeep Singh",
    "city": "Bangalore",
    "team1": "Kolkata Knight Riders",
    "team2": "Royal Challengers Bangalore",
    "season": "2015"
  },
  "170": {
    "winner": "Sunrisers Hyderabad",
    "player_of_match": "DA Warner",
    "city": "Hyderabad",
    "team1": "Sunrisers Hyderabad",
    "team2": "Chennai Super Kings",
    "season": "2015"
  },
  "171": {
    "winner": "Mumbai Indians",
    "player_of_match": "LMP Simmons",
    "city": "Chandigarh",
    "team1": "Mumbai Indians",
    "team2": "Kings XI Punjab",
    "season": "2015"
  },
  "172": {
    "winner": "Rajasthan Royals",
    "player_of_match": "AM Rahane",
    "city": "Mumbai",
    "team1": "Rajasthan Royals",
    "team2": "Delhi Daredevils",
    "season": "2015"
  },
  "173": {
    "winner": "Chennai Super Kings",
    "player_of_match": "SK Raina",
    "city": "Chennai",
    "team1": "Chennai Super Kings",
    "team2": "Royal Challengers Bangalore",
    "season": "2015"
  },
  "174": {
    "winner": "Kolkata Knight Riders",
    "player_of_match": "UT Yadav",
    "city": "Kolkata",
    "team1": "Kolkata Knight Riders",
    "team2": "Sunrisers Hyderabad",
    "season": "2015"
  },
  "175": {
    "winner": "Mumbai Indians",
    "player_of_match": "Harbhajan Singh",
    "city": "Mumbai",
    "team1": "Delhi Daredevils",
    "team2": "Mumbai Indians",
    "season": "2015"
  },
  "176": {
    "winner": "Royal Challengers Bangalore",
    "player_of_match": "CH Gayle",
    "city": "Bangalore",
    "team1": "Royal Challengers Bangalore",
    "team2": "Kings XI Punjab",
    "season": "2015"
  },
  "177": {
    "winner": "Sunrisers Hyderabad",
    "player_of_match": "EJG Morgan",
    "city": "Mumbai",
    "team1": "Sunrisers Hyderabad",
    "team2": "Rajasthan Royals",
    "season": "2015"
  },
  "178": {
    "winner": "Mumbai Indians",
    "player_of_match": "HH Pandya",
    "city": "Chennai",
    "team1": "Chennai Super Kings",
    "team2": "Mumbai Indians",
    "season": "2015"
  },
  "179": {
    "winner": "Kolkata Knight Riders",
    "player_of_match": "AD Russell",
    "city": "Kolkata",
    "team1": "Kings XI Punjab",
    "team2": "Kolkata Knight Riders",
    "season": "2015"
  },
  "180": {
    "winner": "Sunrisers Hyderabad",
    "player_of_match": "MC Henriques",
    "city": "Raipur",
    "team1": "Sunrisers Hyderabad",
    "team2": "Delhi Daredevils",
    "season": "2015"
  },
  "181": {
    "winner": "Royal Challengers Bangalore",
    "player_of_match": "AB de Villiers",
    "city": "Mumbai",
    "team1": "Royal Challengers Bangalore",
    "team2": "Mumbai Indians",
    "season": "2015"
  },
  "182": {
    "winner": "Chennai Super Kings",
    "player_of_match": "RA Jadeja",
    "city": "Chennai",
    "team1": "Chennai Super Kings",
    "team2": "Rajasthan Royals",
    "season": "2015"
  },
  "183": {
    "winner": "Sunrisers Hyderabad",
    "player_of_match": "DA Warner",
    "city": "Hyderabad",
    "team1": "Sunrisers Hyderabad",
    "team2": "Kings XI Punjab",
    "season": "2015"
  },
  "184": {
    "winner": "Delhi Daredevils",
    "player_of_match": "Z Khan",
    "city": "Raipur",
    "team1": "Chennai Super Kings",
    "team2": "Delhi Daredevils",
    "season": "2015"
  },
  "185": {
    "winner": "Kings XI Punjab",
    "player_of_match": "AR Patel",
    "city": "Chandigarh",
    "team1": "Kings XI Punjab",
    "team2": "Royal Challengers Bangalore",
    "season": "2015"
  },
  "186": {
    "winner": "Mumbai Indians",
    "player_of_match": "HH Pandya",
    "city": "Mumbai",
    "team1": "Mumbai Indians",
    "team2": "Kolkata Knight Riders",
    "season": "2015"
  },
  "187": {
    "winner": "Royal Challengers Bangalore",
    "player_of_match": "V Kohli",
    "city": "Hyderabad",
    "team1": "Sunrisers Hyderabad",
    "team2": "Royal Challengers Bangalore",
    "season": "2015"
  },
  "188": {
    "winner": "Chennai Super Kings",
    "player_of_match": "P Negi",
    "city": "Chandigarh",
    "team1": "Kings XI Punjab",
    "team2": "Chennai Super Kings",
    "season": "2015"
  },
  "189": {
    "winner": "Rajasthan Royals",
    "player_of_match": "SR Watson",
    "city": "Mumbai",
    "team1": "Rajasthan Royals",
    "team2": "Kolkata Knight Riders",
    "season": "2015"
  },
  "190": {
    "winner": "",
    "player_of_match": "",
    "city": "Bangalore",
    "team1": "Delhi Daredevils",
    "team2": "Royal Challengers Bangalore",
    "season": "2015"
  },
  "191": {
    "winner": "Mumbai Indians",
    "player_of_match": "MJ McClenaghan",
    "city": "Hyderabad",
    "team1": "Sunrisers Hyderabad",
    "team2": "Mumbai Indians",
    "season": "2015"
  },
  "192": {
    "winner": "Mumbai Indians",
    "player_of_match": "KA Pollard",
    "city": "Mumbai",
    "team1": "Mumbai Indians",
    "team2": "Chennai Super Kings",
    "season": "2015"
  },
  "193": {
    "winner": "Royal Challengers Bangalore",
    "player_of_match": "AB de Villiers",
    "city": "Pune",
    "team1": "Royal Challengers Bangalore",
    "team2": "Rajasthan Royals",
    "season": "2015"
  },
  "194": {
    "winner": "Chennai Super Kings",
    "player_of_match": "A Nehra",
    "city": "Ranchi",
    "team1": "Royal Challengers Bangalore",
    "team2": "Chennai Super Kings",
    "season": "2015"
  },
  "195": {
    "winner": "Mumbai Indians",
    "player_of_match": "RG Sharma",
    "city": "Kolkata",
    "team1": "Mumbai Indians",
    "team2": "Chennai Super Kings",
    "season": "2015"
  }
}