{
  "movies": [
    {
      "id": 1,
      "title": "Avengers",
      "overview": "Hollywood movie",
      "posterPath": "../public/images/avengers.jpg"
    },
    {
      "id": 2,
      "title": "Inception",
      "overview": "All time fav movie",
      "posterPath": "../public/images/inception.jpg"
    },
    {
      "id": 3,
      "title": "Titanic",
      "overview": "oscar movie",
      "posterPath": "../public/images/titanic.jpg"
    },
    {
      "id": 4,
      "title": "matrix",
      "overview": "about technology",
      "posterPath": "../public/images/matrix.png"
    }
  ],
  "favourites": [
    {
      "id": 3,
      "title": "Titanic",
      "overview": "oscar movie",
      "posterPath": "../public/images/titanic.jpg"
    },
    {
      "id": 2,
      "title": "Inception",
      "overview": "All time fav movie",
      "posterPath": "../public/images/inception.jpg"
    },
    {
      "id": 1,
      "title": "Avengers",
      "overview": "Hollywood movie",
      "posterPath": "../public/images/avengers.jpg"
    },
    {
      "id": 4,
      "title": "matrix",
      "overview": "about technology",
      "posterPath": "../public/images/matrix.png"
    }
  ]
}