{
  "notes": [
    {
      "id": 1,
      "title": "Read Angular5 blog",
      "text": "Shall do at 6 pm"
    },
    {
      "id": 2,
      "title": "Call Ravi",
      "text": "Track the new submissions"
    },
    {
      "title": "Capitalism",
      "text": "Mark Twain",
      "id": 3
    },
    {
      "title": "myNotes",
      "text": "ss",
      "id": 4
    },
    {
      "title": "Alphabets",
      "text": "abcd",
      "id": 5
    },
    {
      "title": "animals",
      "text": "dog",
      "id": 6
    }
  ]
}