{
  "readlater": [
    {
      "description": "The employer has now been tasked with the responsibility of ensuring that their employees link their PF account to their Aadhaar cards, and failure to do so will result in the employer's contribution being stopped from going into the employee's account. | Lat…",
      "url": "https://www.hindustantimes.com/india-news/new-rule-for-pf-account-holders-to-come-into-force-from-june-1-check-details-here-101622454921844.html",
      "id": 2
    },
    {
      "description": "The employer has now been tasked with the responsibility of ensuring that their employees link their PF account to their Aadhaar cards, and failure to do so will result in the employer's contribution being stopped from going into the employee's account. | Lat…",
      "url": "https://www.hindustantimes.com/india-news/new-rule-for-pf-account-holders-to-come-into-force-from-june-1-check-details-here-101622454921844.html",
      "id": 3
    },
    {
      "description": "Claiming that Arvind Kejriwal always has a critical tone, Khattar said Delhi is getting more vaccine doses considering the size of its population.",
      "url": "https://indianexpress.com/article/india/haryana-khattar-delhi-vaccine-kejriwal-7338090/",
      "id": 4
    },
    {
      "description": "Claiming that Arvind Kejriwal always has a critical tone, Khattar said Delhi is getting more vaccine doses considering the size of its population.",
      "url": "https://indianexpress.com/article/india/haryana-khattar-delhi-vaccine-kejriwal-7338090/",
      "id": 5
    }
  ],
  "comments": [
    {
      "id": 1,
      "body": "some comment",
      "postId": 1
    }
  ],
  "profile": {
    "name": "typicode"
  },
  "posts": {
    "description": "In its pre-monsoon season, Pune’s rainfall this year was over 55 per cent surplus (till May 30). Frequent thunderstorms associated with the moist westerly winds over Maharashtra in April and May contributed to this.",
    "url": "https://indianexpress.com/article/explained/explained-how-pune-escaped-a-hot-summer-7337947/"
  }
}