{
  "notes": [
    {
      "id": 1,
      "title": "Read Angular5 blog",
      "text": "Shall do at 6 pm",
      "state": "not-started"
    },
    {
      "id": 2,
      "title": "Call Ravi",
      "text": "Track the new submissions",
      "state": "started"
    },
    {
      "title": "Capitalism",
      "text": "Mark Twain",
      "id": 3,
      "state": "completed"
    },
    {
      "title": "Alphabets",
      "text": "atoz",
      "state": "not-started",
      "id": 4
    },
    {
      "title": "List of holidays",
      "text": "May14",
      "state": "started",
      "id": 5
    },
    {
      "title": "TODOList",
      "text": "complete assignments",
      "state": "not-started",
      "id": 6
    },
    {
      "title": "REminders",
      "text": "important ",
      "state": "not-started",
      "id": 7
    }
  ]
}